origin_time,target_time,horizon,strategy,prediction,actual,absolute_error
2024-10-19 17:00:00,2024-10-19 18:00:00,1,Final Hybrid,11739.092701,11471,268.092701
2024-10-19 17:00:00,2024-10-19 18:00:00,1,No-weather Direct,11709.094910,11471,238.094910
2024-10-19 17:00:00,2024-10-19 18:00:00,1,Weekly Seasonal Naive,11670.000000,11471,199.000000
2024-10-19 17:00:00,2024-10-19 20:00:00,3,Final Hybrid,8150.762453,6997,1153.762453
2024-10-19 17:00:00,2024-10-19 20:00:00,3,No-weather Direct,7543.300631,6997,546.300631
2024-10-19 17:00:00,2024-10-19 20:00:00,3,Weekly Seasonal Naive,7198.000000,6997,201.000000
2024-10-19 17:00:00,2024-10-19 23:00:00,6,Final Hybrid,4616.000000,4922,306.000000
2024-10-19 17:00:00,2024-10-19 23:00:00,6,No-weather Direct,5054.530413,4922,132.530413
2024-10-19 17:00:00,2024-10-19 23:00:00,6,Weekly Seasonal Naive,4616.000000,4922,306.000000
